"department_id","department"
"1","frozen"
"2","other"
"3","bakery"
"4","produce"
"5","alcohol"
"6","international"
"7","beverages"
"8","pets"
"9","dry goods pasta"
"10","bulk"
"11","personal care"
"12","meat seafood"
"13","pantry"
"14","breakfast"
"15","canned goods"
"16","dairy eggs"
"17","household"
"18","babies"
"19","snacks"
"20","deli"
"21","missing"
